{"train_loss": [0.036834063101915296, 0.0018875480142376206, 0.0008974457440890632, 0.0005318123419376642, 0.0003855477732492127, 0.0007731165972453137, 0.0001827553052836179, 0.0004659593391873437, 4.9272703498800594e-05, 0.00010921417494728927, 3.427103649023841e-05, 3.984453512647337e-05, 7.442901224296999e-05, 1.7799812083006855e-05, 1.9272502013082466e-05], "train_acc": [0.9916416767689658, 0.9995533720410897, 0.999904294008805, 0.999904294008805, 0.9998723920117399, 0.9997128820264148, 0.9999361960058699, 0.999904294008805, 1.0, 0.999968098002935, 1.0, 1.0, 0.999968098002935, 1.0, 1.0], "val_loss": [0.0005695976379482598, 0.0002882468651528616, 9.665811211809792e-05, 0.0003552590964180233, 2.701735582437658e-05, 9.137941695071921e-05, 2.591342871842119e-05, 6.923796702048179e-05, 2.81211106864295e-05, 4.154851962695235e-06, 1.4590046579607109e-05, 5.371569790006701e-06, 2.442852040980956e-06, 3.7611163661924583e-06, 4.07601977749042e-06], "val_acc": [0.9998404594767071, 1.0, 1.0, 0.9996809189534142, 1.0, 1.0, 1.0, 1.0, 1.0, 1.0, 1.0, 1.0, 1.0, 1.0, 1.0]}