{"train_loss": [0.03786607883317947, 0.0011904094668312123, 0.001463106756947168, 0.0007598151616643821, 0.0004951780449809016, 0.0001221603609538022, 0.0004583309744864091, 0.0002755350506369323, 0.0005539644374585893, 0.00010235375861110541, 4.592186160893233e-05, 5.652749374748145e-05, 5.257099595676206e-05, 4.4929470647619445e-05, 2.584642843002372e-05], "train_acc": [0.9905889108658202, 0.9997766860205449, 0.9995214700440248, 0.9998723920117399, 0.9998723920117399, 1.0, 0.9998085880176099, 0.999904294008805, 0.9998404900146749, 0.999968098002935, 1.0, 1.0, 1.0, 1.0, 1.0], "val_loss": [0.0002583774399094345, 8.695971673317657e-05, 3.958207569193528e-05, 1.137872308055323e-05, 1.1987434834042468e-05, 7.296249647061659e-06, 0.00014013158795848384, 2.421604715148091e-05, 4.274718676805621e-05, 5.227814214057905e-05, 2.961780267886605e-05, 3.8540934857971946e-05, 3.099714768968572e-05, 1.2703196530156571e-05, 1.4009196441199725e-05], "val_acc": [1.0, 1.0, 1.0, 1.0, 1.0, 1.0, 0.9998404594767071, 1.0, 1.0, 1.0, 1.0, 1.0, 1.0, 1.0, 1.0]}